pattern,hihat,snare,bass
m2_bass_snare1,0,0,1
m2_bass_snare1,0,0,0
m2_bass_snare1,0,0,0
m2_bass_snare1,0,0,0
m2_bass_snare1,0,1,0
m2_bass_snare1,0,0,0
m2_bass_snare1,0,0,0
m2_bass_snare1,0,0,0
m2_bass_snare1,0,0,1
m2_bass_snare1,0,0,0
m2_bass_snare1,0,0,0
m2_bass_snare1,0,0,0
m2_bass_snare1,0,1,0
m2_bass_snare1,0,0,0
m2_bass_snare1,0,0,0
m2_bass_snare1,0,0,0
m2_bass_snare2,0,0,1
m2_bass_snare2,0,0,0
m2_bass_snare2,0,0,0
m2_bass_snare2,0,0,0
m2_bass_snare2,0,1,0
m2_bass_snare2,0,0,0
m2_bass_snare2,0,0,0
m2_bass_snare2,0,0,0
m2_bass_snare2,0,0,1
m2_bass_snare2,0,0,0
m2_bass_snare2,0,0,1
m2_bass_snare2,0,0,0
m2_bass_snare2,0,1,0
m2_bass_snare2,0,0,0
m2_bass_snare2,0,0,0
m2_bass_snare2,0,0,0
m2_bass_snare3,0,1,1
m2_bass_snare3,0,0,0
m2_bass_snare3,0,1,1
m2_bass_snare3,0,0,0
m2_bass_snare3,0,1,0
m2_bass_snare3,0,0,0
m2_bass_snare3,0,0,0
m2_bass_snare3,0,0,0
m2_bass_snare3,0,1,1
m2_bass_snare3,0,0,0
m2_bass_snare3,0,1,1
m2_bass_snare3,0,0,0
m2_bass_snare3,0,1,0
m2_bass_snare3,0,0,0
m2_bass_snare3,0,0,0
m2_bass_snare3,0,0,0
m2_bass_snare4,0,0,1
m2_bass_snare4,0,0,0
m2_bass_snare4,0,0,0
m2_bass_snare4,0,0,0
m2_bass_snare4,0,1,0
m2_bass_snare4,0,0,0
m2_bass_snare4,0,1,0
m2_bass_snare4,0,0,0
m2_bass_snare4,0,0,1
m2_bass_snare4,0,0,0
m2_bass_snare4,0,0,0
m2_bass_snare4,0,0,0
m2_bass_snare4,0,1,0
m2_bass_snare4,0,0,0
m2_bass_snare4,0,1,0
m2_bass_snare4,0,0,0
m2_bass_snare5,0,0,1
m2_bass_snare5,0,0,0
m2_bass_snare5,0,0,0
m2_bass_snare5,0,0,0
m2_bass_snare5,0,1,0
m2_bass_snare5,0,0,0
m2_bass_snare5,0,0,0
m2_bass_snare5,0,0,0
m2_bass_snare5,0,0,1
m2_bass_snare5,0,0,0
m2_bass_snare5,0,0,1
m2_bass_snare5,0,0,0
m2_bass_snare5,0,1,0
m2_bass_snare5,0,0,0
m2_bass_snare5,0,1,0
m2_bass_snare5,0,0,0
m2_bass_snare6,0,0,1
m2_bass_snare6,0,0,0
m2_bass_snare6,0,0,1
m2_bass_snare6,0,0,0
m2_bass_snare6,0,1,0
m2_bass_snare6,0,0,0
m2_bass_snare6,0,1,0
m2_bass_snare6,0,0,0
m2_bass_snare6,0,0,1
m2_bass_snare6,0,0,0
m2_bass_snare6,0,0,0
m2_bass_snare6,0,0,0
m2_bass_snare6,0,1,0
m2_bass_snare6,0,0,0
m2_bass_snare6,0,0,0
m2_bass_snare6,0,0,0
m2_bass_snare7,0,0,1
m2_bass_snare7,0,0,0
m2_bass_snare7,0,0,1
m2_bass_snare7,0,0,0
m2_bass_snare7,0,1,0
m2_bass_snare7,0,0,0
m2_bass_snare7,0,1,0
m2_bass_snare7,0,0,0
m2_bass_snare7,0,0,1
m2_bass_snare7,0,0,0
m2_bass_snare7,0,0,1
m2_bass_snare7,0,0,0
m2_bass_snare7,0,1,0
m2_bass_snare7,0,0,0
m2_bass_snare7,0,1,0
m2_bass_snare7,0,0,0
m2_bass_snare8,0,0,1
m2_bass_snare8,0,0,0
m2_bass_snare8,0,0,0
m2_bass_snare8,0,0,0
m2_bass_snare8,0,1,0
m2_bass_snare8,0,0,0
m2_bass_snare8,0,0,1
m2_bass_snare8,0,0,0
m2_bass_snare8,0,0,0
m2_bass_snare8,0,0,0
m2_bass_snare8,0,0,1
m2_bass_snare8,0,0,0
m2_bass_snare8,0,1,0
m2_bass_snare8,0,0,0
m2_bass_snare8,0,0,0
m2_bass_snare8,0,0,0
m2_bass_snare9,0,0,1
m2_bass_snare9,0,0,0
m2_bass_snare9,0,0,1
m2_bass_snare9,0,0,0
m2_bass_snare9,0,1,0
m2_bass_snare9,0,0,0
m2_bass_snare9,0,0,1
m2_bass_snare9,0,0,0
m2_bass_snare9,0,0,0
m2_bass_snare9,0,0,0
m2_bass_snare9,0,0,1
m2_bass_snare9,0,0,0
m2_bass_snare9,0,1,0
m2_bass_snare9,0,0,0
m2_bass_snare9,0,0,0
m2_bass_snare9,0,0,0
m2_hh1,1,0,1
m2_hh1,0,0,0
m2_hh1,0,0,0
m2_hh1,0,0,0
m2_hh1,1,1,0
m2_hh1,0,0,0
m2_hh1,0,0,0
m2_hh1,0,0,0
m2_hh1,1,0,1
m2_hh1,0,0,0
m2_hh1,0,0,0
m2_hh1,0,0,0
m2_hh1,1,1,0
m2_hh1,0,0,0
m2_hh1,0,0,0
m2_hh1,0,0,0
m2_hh16th_1,1,0,0
m2_hh16th_1,1,0,0
m2_hh16th_1,1,0,0
m2_hh16th_1,1,0,0
m2_hh16th_1,1,0,0
m2_hh16th_1,1,0,0
m2_hh16th_1,1,0,0
m2_hh16th_1,1,0,0
m2_hh16th_1,1,0,0
m2_hh16th_1,1,0,0
m2_hh16th_1,1,0,0
m2_hh16th_1,1,0,0
m2_hh16th_1,1,0,0
m2_hh16th_1,1,0,0
m2_hh16th_1,1,0,0
m2_hh16th_1,1,0,0
m2_hh16th_2,1,0,0
m2_hh16th_2,1,0,0
m2_hh16th_2,1,0,0
m2_hh16th_2,1,0,0
m2_hh16th_2,1,1,0
m2_hh16th_2,1,0,0
m2_hh16th_2,1,0,0
m2_hh16th_2,1,0,0
m2_hh16th_2,1,0,0
m2_hh16th_2,1,0,0
m2_hh16th_2,1,0,0
m2_hh16th_2,1,0,0
m2_hh16th_2,1,1,0
m2_hh16th_2,1,0,0
m2_hh16th_2,1,0,0
m2_hh16th_2,1,0,0
m2_hh16th_3,1,0,1
m2_hh16th_3,1,0,0
m2_hh16th_3,1,0,0
m2_hh16th_3,1,0,0
m2_hh16th_3,1,1,0
m2_hh16th_3,1,0,0
m2_hh16th_3,1,0,0
m2_hh16th_3,1,0,0
m2_hh16th_3,1,0,1
m2_hh16th_3,1,0,0
m2_hh16th_3,1,0,0
m2_hh16th_3,1,0,0
m2_hh16th_3,1,1,0
m2_hh16th_3,1,0,0
m2_hh16th_3,1,0,0
m2_hh16th_3,1,0,0
m2_hh16th_4,1,0,1
m2_hh16th_4,1,0,0
m2_hh16th_4,1,0,0
m2_hh16th_4,1,0,0
m2_hh16th_4,1,1,0
m2_hh16th_4,1,0,0
m2_hh16th_4,1,0,1
m2_hh16th_4,1,0,0
m2_hh16th_4,1,0,0
m2_hh16th_4,1,0,0
m2_hh16th_4,1,0,1
m2_hh16th_4,1,0,0
m2_hh16th_4,1,1,0
m2_hh16th_4,1,0,0
m2_hh16th_4,1,0,0
m2_hh16th_4,1,0,0
m2_hh2,1,0,1
m2_hh2,0,0,0
m2_hh2,0,0,1
m2_hh2,0,0,0
m2_hh2,1,1,0
m2_hh2,0,0,0
m2_hh2,0,0,0
m2_hh2,0,0,0
m2_hh2,1,0,1
m2_hh2,0,0,0
m2_hh2,0,0,1
m2_hh2,0,0,0
m2_hh2,1,1,0
m2_hh2,0,0,0
m2_hh2,0,0,0
m2_hh2,0,0,0
m2_hh3,1,0,1
m2_hh3,0,0,0
m2_hh3,0,0,0
m2_hh3,0,0,0
m2_hh3,1,1,0
m2_hh3,0,0,0
m2_hh3,0,0,0
m2_hh3,0,0,0
m2_hh3,1,0,1
m2_hh3,0,0,0
m2_hh3,0,0,1
m2_hh3,0,0,0
m2_hh3,1,1,0
m2_hh3,0,0,0
m2_hh3,0,0,0
m2_hh3,0,0,0
m2_hh4,1,0,1
m2_hh4,0,0,0
m2_hh4,0,0,0
m2_hh4,0,0,0
m2_hh4,1,1,0
m2_hh4,0,0,0
m2_hh4,0,0,0
m2_hh4,0,0,0
m2_hh4,1,0,1
m2_hh4,0,0,0
m2_hh4,0,0,0
m2_hh4,0,0,0
m2_hh4,1,1,0
m2_hh4,0,0,0
m2_hh4,0,1,0
m2_hh4,0,0,0
m2_hh5,1,0,1
m2_hh5,0,0,0
m2_hh5,0,0,0
m2_hh5,0,0,0
m2_hh5,1,1,0
m2_hh5,0,0,0
m2_hh5,0,0,1
m2_hh5,0,0,0
m2_hh5,1,0,0
m2_hh5,0,0,0
m2_hh5,0,0,1
m2_hh5,0,0,0
m2_hh5,1,1,0
m2_hh5,0,0,0
m2_hh5,0,0,0
m2_hh5,0,0,0
m2_hh6,1,0,1
m2_hh6,0,0,0
m2_hh6,0,0,1
m2_hh6,0,0,0
m2_hh6,1,1,0
m2_hh6,0,0,0
m2_hh6,0,0,0
m2_hh6,0,0,0
m2_hh6,1,0,1
m2_hh6,0,0,0
m2_hh6,0,0,0
m2_hh6,0,0,0
m2_hh6,1,1,0
m2_hh6,0,0,0
m2_hh6,0,1,0
m2_hh6,0,0,0
m2_hh8th_1,1,0,0
m2_hh8th_1,0,0,0
m2_hh8th_1,1,0,0
m2_hh8th_1,0,0,0
m2_hh8th_1,1,0,0
m2_hh8th_1,0,0,0
m2_hh8th_1,1,0,0
m2_hh8th_1,0,0,0
m2_hh8th_1,1,0,0
m2_hh8th_1,0,0,0
m2_hh8th_1,1,0,0
m2_hh8th_1,0,0,0
m2_hh8th_1,1,0,0
m2_hh8th_1,0,0,0
m2_hh8th_1,1,0,0
m2_hh8th_1,0,0,0
m2_hh8th_10,1,0,1
m2_hh8th_10,0,0,0
m2_hh8th_10,1,0,1
m2_hh8th_10,0,0,0
m2_hh8th_10,1,1,0
m2_hh8th_10,0,0,0
m2_hh8th_10,1,0,1
m2_hh8th_10,0,0,0
m2_hh8th_10,1,0,0
m2_hh8th_10,0,0,0
m2_hh8th_10,1,0,0
m2_hh8th_10,0,0,0
m2_hh8th_10,1,1,0
m2_hh8th_10,0,0,0
m2_hh8th_10,1,0,0
m2_hh8th_10,0,0,0
m2_hh8th_11,1,0,1
m2_hh8th_11,0,0,0
m2_hh8th_11,1,0,0
m2_hh8th_11,0,0,0
m2_hh8th_11,1,1,0
m2_hh8th_11,0,0,0
m2_hh8th_11,1,0,1
m2_hh8th_11,0,0,0
m2_hh8th_11,1,0,0
m2_hh8th_11,0,0,0
m2_hh8th_11,1,0,1
m2_hh8th_11,0,0,0
m2_hh8th_11,1,1,0
m2_hh8th_11,0,0,0
m2_hh8th_11,1,1,0
m2_hh8th_11,0,0,0
m2_hh8th_12,1,0,1
m2_hh8th_12,0,0,0
m2_hh8th_12,1,0,0
m2_hh8th_12,0,0,0
m2_hh8th_12,1,1,0
m2_hh8th_12,0,0,0
m2_hh8th_12,1,0,1
m2_hh8th_12,0,0,0
m2_hh8th_12,1,0,0
m2_hh8th_12,0,0,0
m2_hh8th_12,1,0,0
m2_hh8th_12,0,0,0
m2_hh8th_12,1,1,0
m2_hh8th_12,0,0,0
m2_hh8th_12,1,0,1
m2_hh8th_12,0,0,0
m2_hh8th_2,1,0,1
m2_hh8th_2,0,0,0
m2_hh8th_2,1,0,0
m2_hh8th_2,0,0,0
m2_hh8th_2,1,0,0
m2_hh8th_2,0,0,0
m2_hh8th_2,1,0,0
m2_hh8th_2,0,0,0
m2_hh8th_2,1,0,1
m2_hh8th_2,0,0,0
m2_hh8th_2,1,0,0
m2_hh8th_2,0,0,0
m2_hh8th_2,1,0,0
m2_hh8th_2,0,0,0
m2_hh8th_2,1,0,0
m2_hh8th_2,0,0,0
m2_hh8th_3,1,0,1
m2_hh8th_3,0,0,0
m2_hh8th_3,1,0,0
m2_hh8th_3,0,0,0
m2_hh8th_3,1,1,0
m2_hh8th_3,0,0,0
m2_hh8th_3,1,0,0
m2_hh8th_3,0,0,0
m2_hh8th_3,1,0,1
m2_hh8th_3,0,0,0
m2_hh8th_3,1,0,0
m2_hh8th_3,0,0,0
m2_hh8th_3,1,1,0
m2_hh8th_3,0,0,0
m2_hh8th_3,1,0,0
m2_hh8th_3,0,0,0
m2_hh8th_4,1,0,1
m2_hh8th_4,0,0,0
m2_hh8th_4,1,0,1
m2_hh8th_4,0,0,0
m2_hh8th_4,1,1,0
m2_hh8th_4,0,0,0
m2_hh8th_4,1,0,0
m2_hh8th_4,0,0,0
m2_hh8th_4,1,0,1
m2_hh8th_4,0,0,0
m2_hh8th_4,1,0,1
m2_hh8th_4,0,0,0
m2_hh8th_4,1,1,0
m2_hh8th_4,0,0,0
m2_hh8th_4,1,0,0
m2_hh8th_4,0,0,0
m2_hh8th_5,1,0,1
m2_hh8th_5,0,0,0
m2_hh8th_5,1,0,0
m2_hh8th_5,0,0,0
m2_hh8th_5,1,1,0
m2_hh8th_5,0,0,0
m2_hh8th_5,1,0,0
m2_hh8th_5,0,0,0
m2_hh8th_5,1,0,1
m2_hh8th_5,0,0,0
m2_hh8th_5,1,0,1
m2_hh8th_5,0,0,0
m2_hh8th_5,1,1,0
m2_hh8th_5,0,0,0
m2_hh8th_5,1,0,0
m2_hh8th_5,0,0,0
m2_hh8th_6,1,0,1
m2_hh8th_6,0,0,0
m2_hh8th_6,1,0,0
m2_hh8th_6,0,0,0
m2_hh8th_6,1,1,0
m2_hh8th_6,0,0,0
m2_hh8th_6,1,1,0
m2_hh8th_6,0,0,0
m2_hh8th_6,1,0,1
m2_hh8th_6,0,0,0
m2_hh8th_6,1,0,0
m2_hh8th_6,0,0,0
m2_hh8th_6,1,1,0
m2_hh8th_6,0,0,0
m2_hh8th_6,1,1,0
m2_hh8th_6,0,0,0
m2_hh8th_7,1,0,1
m2_hh8th_7,0,0,0
m2_hh8th_7,1,0,0
m2_hh8th_7,0,0,0
m2_hh8th_7,1,1,0
m2_hh8th_7,0,0,0
m2_hh8th_7,1,0,1
m2_hh8th_7,0,0,0
m2_hh8th_7,1,0,0
m2_hh8th_7,0,0,0
m2_hh8th_7,1,0,1
m2_hh8th_7,0,0,0
m2_hh8th_7,1,1,0
m2_hh8th_7,0,0,0
m2_hh8th_7,1,0,0
m2_hh8th_7,0,0,0
m2_hh8th_8,1,0,1
m2_hh8th_8,0,0,0
m2_hh8th_8,1,0,1
m2_hh8th_8,0,0,0
m2_hh8th_8,1,1,0
m2_hh8th_8,0,0,0
m2_hh8th_8,1,1,0
m2_hh8th_8,0,0,0
m2_hh8th_8,1,0,1
m2_hh8th_8,0,0,0
m2_hh8th_8,1,0,1
m2_hh8th_8,0,0,0
m2_hh8th_8,1,1,0
m2_hh8th_8,0,0,0
m2_hh8th_8,1,1,0
m2_hh8th_8,0,0,0
m2_hh8th_9,1,0,1
m2_hh8th_9,0,0,0
m2_hh8th_9,1,0,0
m2_hh8th_9,0,0,0
m2_hh8th_9,1,1,0
m2_hh8th_9,0,0,0
m2_hh8th_9,1,0,0
m2_hh8th_9,0,0,0
m2_hh8th_9,1,0,0
m2_hh8th_9,0,0,0
m2_hh8th_9,1,0,1
m2_hh8th_9,0,0,0
m2_hh8th_9,1,1,0
m2_hh8th_9,0,0,0
m2_hh8th_9,1,0,0
m2_hh8th_9,0,0,0
m3_1,0,0,1
m3_1,0,0,0
m3_1,1,0,0
m3_1,0,0,0
m3_1,0,1,0
m3_1,0,0,0
m3_1,1,0,0
m3_1,0,0,0
m3_1,0,0,1
m3_1,0,0,0
m3_1,1,0,0
m3_1,0,0,0
m3_1,0,1,0
m3_1,0,0,0
m3_1,1,0,0
m3_1,0,0,0
m3_2,0,0,1
m3_2,0,0,0
m3_2,1,0,0
m3_2,0,0,0
m3_2,0,1,0
m3_2,0,0,0
m3_2,1,0,0
m3_2,0,0,0
m3_2,0,0,1
m3_2,0,0,0
m3_2,1,0,1
m3_2,0,0,0
m3_2,0,1,0
m3_2,0,0,0
m3_2,1,0,0
m3_2,0,0,0
m3_3,0,0,1
m3_3,0,0,0
m3_3,1,0,0
m3_3,0,0,0
m3_3,0,1,0
m3_3,0,0,0
m3_3,1,0,0
m3_3,0,0,0
m3_3,0,0,1
m3_3,0,0,0
m3_3,1,0,0
m3_3,0,0,0
m3_3,0,1,0
m3_3,0,0,0
m3_3,1,1,0
m3_3,0,0,0
m3_4,0,0,1
m3_4,0,0,0
m3_4,1,0,0
m3_4,0,0,0
m3_4,0,1,0
m3_4,0,0,0
m3_4,1,0,0
m3_4,0,0,0
m3_4,0,0,1
m3_4,0,0,0
m3_4,1,0,1
m3_4,0,0,0
m3_4,0,1,0
m3_4,0,0,0
m3_4,1,1,0
m3_4,0,0,0
m3_5,0,0,1
m3_5,0,0,0
m3_5,1,0,0
m3_5,0,0,0
m3_5,0,1,0
m3_5,0,0,0
m3_5,1,0,1
m3_5,0,0,0
m3_5,0,0,0
m3_5,0,0,0
m3_5,1,0,1
m3_5,0,0,0
m3_5,0,1,0
m3_5,0,0,0
m3_5,1,0,0
m3_5,0,0,0
m3_6,0,0,1
m3_6,0,0,0
m3_6,1,0,1
m3_6,0,0,0
m3_6,0,1,0
m3_6,0,0,0
m3_6,1,0,0
m3_6,0,0,0
m3_6,0,0,1
m3_6,0,0,0
m3_6,1,0,1
m3_6,0,0,0
m3_6,0,1,0
m3_6,0,0,0
m3_6,1,0,0
m3_6,0,0,0
m3_7,0,0,1
m3_7,0,0,0
m3_7,1,0,1
m3_7,0,0,0
m3_7,0,1,0
m3_7,0,0,0
m3_7,1,0,0
m3_7,0,0,0
m3_7,0,0,0
m3_7,0,0,0
m3_7,1,0,1
m3_7,0,0,0
m3_7,0,1,0
m3_7,0,0,0
m3_7,1,0,0
m3_7,0,0,0
m3_8,0,0,1
m3_8,0,0,0
m3_8,1,0,1
m3_8,0,0,0
m3_8,0,1,0
m3_8,0,0,0
m3_8,1,0,1
m3_8,0,0,0
m3_8,0,0,0
m3_8,0,0,0
m3_8,1,0,0
m3_8,0,0,0
m3_8,0,1,0
m3_8,0,0,0
m3_8,1,1,0
m3_8,0,0,0
m3_9,0,0,1
m3_9,0,0,0
m3_9,1,0,1
m3_9,0,0,0
m3_9,0,1,0
m3_9,0,0,0
m3_9,1,1,0
m3_9,0,0,0
m3_9,0,0,1
m3_9,0,0,0
m3_9,1,0,0
m3_9,0,0,0
m3_9,0,1,0
m3_9,0,0,0
m3_9,1,1,0
m3_9,0,0,0
